,Region,GINI index,happy planet index,human development index,sustainable economic development assessment (SEDA),"GDP growth
(annual %)","GDP 
($ USD billions PPP)",GDP per capita in $ (PPP),Economic Growth,"health expenditure 
% of GDP",infant mortality,"maternal mortality per 100,000 live births","education expenditure
% of GDP",Education as % of GDP,% of primary school aged kids out of school,unemployment (%),% of population in extreme poverty,% of population with access to electricity,political rights score,civil liberties score,political stability & absence of violence,government effectiveness,regulatory quality,rule of law,control of corruption,judicial effectiveness score,government integrity score,overall economic freedom score,financial freedom score,government expenditure (% of GDP),CO2e emissions per capita,share of electricity from renewables generation,% of seats held by women in national parliaments,Military Spending as % of GDP
0,Middle East & North Africa,,20.2,0.498,,1.5,75.60041810883031,2082.3921973316,1.18922812838034,3.69521999359131,60.7776428917134,638.0,3.78,3.19979000091553,0.0,8.5,0.0,97.6999969482422,12,14,-2.78,-1.33,-1.34,-1.57,-1.52,28.2,26.2,51.3,10.0,26.3,0.159824372036919,0.861,27.7,
1,Europe & Central Asia,29.0,36.8,0.785,53.1,2.6,38.1717937964676,13498.138167156,4.01935968514439,3.04999995231628,2.4,15.0,,0.0,2.55779004096985,16.3,0.0,100.0,28,40,0.4,0.08,0.22,-0.4,-0.42,25.4,39.9,64.5,70.0,30.1,1.69224831964856,1.0,27.9,0.014156359265315993
2,Middle East & North Africa,35.3,33.3,0.754,45.8,3.7,491.14515680214896,11908.5376066966,1.10000000013866,0.0,11.5513498559687,112.0,,5.8663501739502,0.35249999165535,11.2,0.0,99.8041305541992,10,25,-0.96,-0.6,-1.2,-0.86,-0.61,35.2,29.0,44.7,30.0,42.5,3.9776504588966,0.003,25.8,0.05592584070765493
3,Sub-Saharan Africa,42.7,,0.581,28.4,3.0,215.11792024170498,7148.93325257707,-1.31631210213166,3.12291765213013,8.8,241.0,,2.04470133781433,0.0,6.6,11.9,46.8906097412109,10,16,-0.29,-1.03,-1.04,-1.1,-1.41,25.4,18.9,48.6,40.0,32.1,0.792137069457626,0.545,38.2,0.011320598213115518
4,Americas,41.7,35.2,0.825,57.3,1.2,1012.1271894278101,23290.6757386443,-2.61739646282038,5.36144018173218,9.7,39.0,5.361440182,4.87773990631104,0.403450012207031,6.6,0.3,100.0,33,50,0.18,0.16,-0.29,-0.25,-0.26,44.5,32.6,52.3,60.0,38.5,3.74065029063396,0.307,38.9,0.005653180005588161
5,Europe & Central Asia,31.5,25.7,0.755,51.7,3.0,37.5317084189153,13018.8742919449,5.19999999965324,2.24724006652832,0.0,26.0,2.247240067,2.25587010383606,6.90522003173828,16.8,0.1,100.0,15,30,-0.71,-0.1,0.28,-0.16,-0.56,47.4,40.5,68.7,70.0,25.8,2.08606067775467,0.296,18.1,0.04440121091300058
6,East Asia & Pacific,30.3,21.2,0.939,78.9,2.5,1224.8788508978,50169.1872936523,2.87097248021668,5.1646900177002,3.0,6.0,5.192669868,5.12344980239868,0.428380012512207,5.7,0.4,100.0,40,58,0.9,1.54,1.93,1.68,1.8,93.4,77.4,80.9,90.0,36.0,15.2382671504147,0.144,28.7,0.019784225331599316
7,Europe & Central Asia,30.5,30.5,0.908,80.3,0.9,488.51278954223295,56960.0914258929,2.50159511872086,5.44761991500854,17.3,5.0,5.448979855,5.22452020645142,0.043699998408556,6.1,0.5,100.0,37,57,1.04,1.46,1.44,1.81,1.53,80.9,73.5,71.8,70.0,51.8,7.2939842524557,0.8,30.6,0.008021216714476538
8,Europe & Central Asia,33.7,,0.757,51.1,1.1,141.24010209867,14549.0618972126,1.49999999999999,2.63303995132446,38.6,26.0,2.633039951,2.45543003082275,3.89419007301331,5.1,0.0,100.0,3,9,-0.76,-0.16,-0.25,-0.56,-0.88,36.8,39.9,64.3,60.0,36.8,3.54239782750878,0.078,16.8,0.05270059006284969
9,Americas,,,0.807,60.4,0.5,13.960255356445101,37065.5344499437,1.8310077944388,2.5,4.9,70.0,,2.24967384338379,0.0,15.3,0.0,100.0,38,53,1.0,0.58,0.12,0.19,1.17,53.5,50.9,63.3,60.0,23.8,7.29166109736758,0.0,12.8,0.0
10,Middle East & North Africa,,,0.846,63.9,3.2,72.7869397633731,47485.6175980067,2.11113047304872,2.46745991706848,10.5,14.0,2.467459917,2.36660718917847,1.0365799665451,1.3,0.0,100.0,2,10,-0.95,0.19,0.41,0.45,-0.14,55.1,51.8,67.7,80.0,33.4,20.2661027913927,0.013,7.5,0.035582596742095074
11,South Asia,32.1,38.4,0.608,35.3,6.4,838.798238917004,5321.94022451796,7.31941263014136,0.0,5.1,173.0,,0.0,0.0,4.1,0.0,96.1999969482422,19,26,-1.25,-0.74,-0.81,-0.67,-0.83,32.6,21.2,55.1,30.0,13.9,0.556529455394022,0.0,20.3,0.012697767190300595
12,Americas,,,0.8,60.8,0.5,4.47608687477343,15988.7701569663,-1.02713911569184,6.14349985122681,9.6,27.0,6.229410172,5.42886018753052,1.61178994178772,11.4,0.0,100.0,38,58,0.98,0.84,0.49,0.66,1.42,54.4,53.8,57.0,60.0,45.0,4.35508203232516,0.01,16.7,0.0
13,Europe & Central Asia,26.5,21.7,0.808,59.9,-3.9,179.09811197870002,19428.0074589115,3.14919759374963,4.81830978393555,10.0,2.0,4.818309784,5.38111019134521,1.30255997180939,0.5,0.0,100.0,6,15,0.03,-0.35,-0.74,-0.82,-0.26,57.3,42.0,58.1,10.0,41.7,6.12223776544422,0.238,34.5,0.011558057084193813
14,Europe & Central Asia,25.9,23.7,0.916,77.5,1.4,584.368887125804,52535.23221854,1.84389968611099,6.59046983718872,56.5,5.0,6.596849918,6.38137006759644,0.519879996776581,8.3,0.1,100.0,39,56,0.42,1.18,1.24,1.34,1.5,69.5,70.9,67.5,70.0,54.1,8.09558395403513,0.952,38.0,0.01081807780525495
15,Americas,,33.8,0.708,48.5,1.5,2.73824064670793,7318.89783887291,2.04470317665661,6.61468982696533,0.0,36.0,6.474110126,7.47227001190186,0.664810001850128,11.0,0.0,97.1133346557617,36,50,0.05,-0.64,-0.54,-0.96,-0.27,53.5,34.7,57.1,50.0,33.9,1.63955000933746,0.026,9.4,0.01253583903399728
16,Sub-Saharan Africa,36.5,13.4,0.515,34.5,5.2,36.301676624939205,3236.29206474841,6.69725946087986,3.161789894104,52.8,397.0,4.321129799,2.93161988258362,2.78896999359131,1.0,4.8,41.4109573364258,33,49,0.05,-0.64,-0.47,-0.62,-0.55,31.3,30.2,56.7,50.0,21.9,0.618583745834187,0.0,7.2,0.005606213743635176
17,South Asia,38.8,28.6,0.612,47.7,7.7,8.56121921489645,11619.5574665237,3.05512983672538,6.04489994049072,36.1,183.0,5.903329849,6.85084009170532,8.13619041442871,2.4,0.0,100.0,28,27,1.13,0.56,-0.33,0.63,1.57,51.6,50.9,61.8,30.0,30.5,1.37597720898904,1.0,8.5,0.0
18,Americas,47.0,23.3,0.693,44.8,4.8,98.26746086898339,8862.31308813575,4.22362365271844,8.26000022888184,13.1,155.0,7.285349846,8.89999961853027,6.78708982467651,3.7,0.9,97.5541229248047,28,39,-0.3,-0.39,-0.9,-1.21,-0.66,11.4,23.1,44.1,40.0,42.2,1.94039800503704,0.325,53.1,0.015444583415774678
19,Europe & Central Asia,33.8,25.3,0.768,50.2,2.8,47.8204965638922,14918.4851562103,3.74007296814042,0.0,2.2,10.0,,0.0,13.284740447998,25.8,0.0,100.0,21,34,-0.38,-0.48,-0.15,-0.21,-0.52,43.7,28.4,61.4,60.0,44.1,6.38291804321729,0.367,21.4,0.008949383480659873
20,Sub-Saharan Africa,60.5,16.6,0.717,44.1,-0.3,36.566393289352504,16609.9625291615,3.98039539042554,0.0,77.5,144.0,,6.72130727767944,0.0,18.4,0.0,71.994758605957,28,44,1.03,0.43,0.46,0.51,0.8,54.7,56.6,69.9,70.0,34.9,3.14710707065972,0.0,9.5,0.02859640393777282
21,Americas,49.0,34.3,0.759,51.6,-3.8,3072.54964418122,15018.6824011943,1.78366676137003,5.94848012924194,11.4,60.0,5.948480129,6.08851003646851,0.519060015678406,11.5,0.7,100.0,31,47,-0.41,-0.29,-0.11,-0.28,-0.53,55.5,31.4,51.4,50.0,40.5,2.05781083913756,0.75,10.7,0.011908098479794687
22,East Asia & Pacific,,,0.853,72.5,-0.2,25.9045446462882,61831.8888466878,0.0522377907767719,3.35318994522095,23.2,10.0,3.353189945,0.0,0.770210027694702,2.0,0.0,100.0,6,22,1.19,1.14,0.72,0.65,0.71,57.1,45.4,64.2,50.0,37.5,16.1321585500862,0.001,9.1,0.03262229600036415
23,Europe & Central Asia,40.2,20.4,0.813,59.9,3.0,155.99860935532502,23016.090640831,2.68457613091411,0.0,5.8,320.0,,0.0,13.3049602508545,8.0,0.3,99.6999969482422,33,47,0.37,0.26,0.63,-0.04,-0.16,42.5,38.2,68.3,60.0,36.3,5.61085727989368,0.188,23.8,0.015948890065512984
24,Sub-Saharan Africa,39.5,17.9,0.423,33.4,4.0,41.8299292678886,2168.4087062014,6.60456906812341,4.05329990386963,24.3,548.0,4.559939861,5.488609790802,20.6583194732666,3.0,8.4,18.957239151001,23,37,-0.92,-0.59,-0.44,-0.4,-0.11,47.1,31.8,60.0,40.0,23.3,0.246046245966625,0.099,11.0,0.028911338183301917
25,Sub-Saharan Africa,42.4,15.6,0.417,28.3,-4.1,8.51032091311309,779.717037494506,1.60993542127714,6.78452014923096,3.4,0.0,,5.07864999771118,6.39089012145996,1.6,0.0,11.7355556488037,4,14,-1.97,-1.34,-0.84,-1.4,-1.28,21.7,26.2,50.9,30.0,26.7,0.062442671221937,0.87,36.4,0.019228018460038247
26,Sub-Saharan Africa,,,0.654,,1.8,3.73249685442604,7028.17143256984,4.53116168434889,4.96387004852295,6.7,58.0,4.963870049,5.36884689331055,6.44506978988647,10.5,0.0,94.1617431640625,37,53,0.9,0.16,-0.2,0.41,0.84,52.0,42.8,60.0,60.0,30.8,1.18195567512973,0.307,23.6,0.0
27,East Asia & Pacific,37.9,25.6,0.582,38.5,6.9,67.58839299415641,4258.70523690938,7.469169206999,1.90938997268677,39.2,160.0,1.90083003,2.16285991668701,9.3097095489502,0.3,0.0,86.4000015258789,10,20,0.17,-0.66,-0.5,-1.06,-1.29,24.5,17.7,58.7,50.0,21.2,0.981406549971231,0.477,20.3,0.023163644206139093
28,Sub-Saharan Africa,44.6,16.7,0.556,32.1,5.9,93.59898946511619,3800.52695041483,3.9555142403664,2.58396005630493,63.8,529.0,,3.03096008300781,0.0,4.5,0.0,64.7213668823242,9,13,-1.08,-0.82,-0.82,-1.02,-1.18,29.4,23.4,51.9,50.0,21.6,0.364424921654471,0.77,31.1,0.010240893141150632
29,Americas,32.1,23.9,0.926,76.9,1.2,1814.79849004967,49992.7622757708,2.77704055379553,0.0,3.92658547392053,10.0,,0.0,0.211909994482994,7.1,0.0,100.0,40,59,1.11,1.85,1.89,1.8,1.92,77.1,78.3,77.7,80.0,39.9,15.4306128276297,0.647,26.3,0.013151529522417544
30,Sub-Saharan Africa,43.6,,0.367,16.1,4.3,4.354240945750631,955.402048967975,3.78944359275462,2.22015333175659,4.4,829.0,,1.56587600708008,0.0,6.9,0.0,15.4650840759277,4,5,-1.94,-1.77,-1.48,-1.73,-1.17,28.2,24.6,49.2,30.0,13.4,0.0505776483111769,0.862,8.6,0.01858675078452154
31,Sub-Saharan Africa,43.3,12.8,0.404,20.4,1.8,24.3978678770283,1613.97959779722,2.37403780037786,2.59999990463257,11.5507295538528,1140.0,,2.25947999954224,25.7212600708008,5.8,8.4,11.080117225647,4,14,-1.34,-1.46,-1.21,-1.3,-1.43,24.1,23.1,49.3,40.0,17.7,0.1410934124928,0.0,12.8,0.027941380433052283
32,Americas,50.5,31.7,0.843,62.6,2.1,468.88256867953197,25526.7055235622,3.99002947784489,4.73094987869263,5.5,13.0,4.722819805,5.43316984176636,1.28386998176575,6.6,0.4,100.0,37,57,0.38,0.85,1.34,1.01,1.04,63.4,61.2,75.2,70.0,25.0,4.82111829925293,0.447,15.8,0.01963359059563431
33,East Asia & Pacific,46.5,25.7,0.752,50.8,6.9,21229.3636934321,15495.5484221015,6.74977383247717,3.72663998603821,57.9,29.0,,3.54249000549316,0.0,4.6,0.1,100.0,0,14,-0.25,0.42,-0.15,-0.26,-0.27,65.4,47.3,57.8,20.0,30.7,7.60593696057347,0.25,24.2,0.01736340510236392
34,Americas,51.1,40.7,0.843,49.1,3.1,710.8908444178111,15044.0553365323,2.56432428277704,4.62945985794067,47.2,83.0,4.665160179,4.44910001754761,2.28297996520996,9.9,5.6,100.0,29,36,-0.79,-0.07,0.34,-0.36,-0.37,36.4,33.4,68.9,70.0,29.2,1.60987083062336,0.694,18.7,0.03401893975563675
35,Sub-Saharan Africa,55.9,23.1,0.752,,1.0,2.55782089296136,3146.53164606745,3.64245114733686,2.74472999572754,12.2,273.0,4.864930153,0.0,18.1545104980469,20.0,0.0,86.7371368408203,24,31,0.03,-1.57,-1.04,-1.05,-0.68,28.2,27.5,56.2,30.0,27.2,0.376076363303223,0.037,6.1,0.0
36,Sub-Saharan Africa,42.1,,0.457,24.8,7.7,91.2890104405752,1111.83580619542,5.82112109989339,1.95142996311188,33.0,473.0,,0.0,0.0,3.6,0.0,19.1000003814697,2,19,-2.3,-1.63,-1.47,-1.69,-1.42,23.9,27.3,52.1,20.0,13.2,0.0369855862465028,0.546,8.9,0.005616857800000262
37,Sub-Saharan Africa,48.9,18.8,0.606,32.7,2.5,20.602102447462798,4022.27857208279,-4.80535155756866,3.1837100982666,11.4,378.0,,2.99548006057739,15.6294898986816,11.2,0.0,49.5171012878418,4,13,-0.53,-1.19,-1.33,-1.1,-1.33,28.2,24.6,38.9,30.0,47.1,1.34931601739946,0.998,11.3,0.02912711962575244
38,Americas,48.5,44.7,0.794,58.9,3.7,103.351564495896,21319.0439930804,2.6159044043379,6.67952013015747,14.0499521768394,27.0,6.858910084,6.76991987228394,0.119230002164841,9.0,0.9,99.9000015258789,38,53,0.51,0.25,0.45,0.45,0.47,57.8,51.8,65.6,50.0,19.3,1.63247155826708,0.991,35.1,0.0
39,0,41.5,14.4,0.794,30.5,8.6,126.185418257144,5153.72918353003,6.89028431967284,3.31416988372803,48.3,617.0,4.577429771,3.23993992805481,6.18146991729736,9.3,2.4,69.6791229248047,19,32,-1.09,-0.74,-0.36,-0.63,-0.52,44.2,36.6,62.0,50.0,22.6,0.421129515397207,0.0,10.6,0.012514813287380371
40,Europe & Central Asia,30.8,30.2,0.831,64.5,1.6,115.24581287195,28877.2382842567,2.90000959900429,0.0,46.7,8.0,,3.90755009651184,1.61779999732971,13.5,0.2,100.0,37,49,0.75,0.58,0.42,0.33,0.19,56.5,40.5,61.0,60.0,47.4,4.06370783264011,0.685,18.5,0.027355685868764384
41,Americas,,,0.777,,4.3,0.0,0.0,2.24848039303581,0.0,0.0,36.0,,0.0,2.15558004379272,2.9,0.0,100.0,1,13,0.69,-0.2,-1.33,-0.43,0.27,10.0,38.1,31.9,10.0,62.4,2.28614606482985,0.042,48.9,
42,Europe & Central Asia,34.8,30.7,0.869,65.9,1.6,34.782707772984004,40559.125,5.69284172448825,6.44049978256226,2.3,6.0,,0.0,0.575219988822937,11.7,0.2,100.0,38,56,0.6,0.92,1.03,0.88,0.78,56.7,41.3,67.8,60.0,39.6,5.99879528274471,0.092,17.9,0.01986812218376513
43,Europe & Central Asia,,27.3,0.888,71.1,4.2,424.484831837396,41135.4929835656,3.19865610131447,3.96522998809814,3.1,3.0,,4.26692008972168,0.410930007696152,4.0,0.0,100.0,37,56,1.02,1.02,1.23,1.12,0.57,57.9,51.1,74.2,80.0,41.4,9.02278615795801,0.121,20.0,0.014340913619414959
44,Europe & Central Asia,29.0,32.7,0.929,82.0,1.2,325.479371132153,57482.9623999067,1.98953731496432,7.634850025177,27.9,4.0,,6.79277992248535,0.603749990463257,6.1,0.2,100.0,40,57,0.87,1.8,1.62,1.86,2.19,83.6,84.1,76.6,80.0,54.6,5.10798850907958,0.694,37.4,0.013715914691874397
45,Middle East & North Africa,40.9,16.4,0.476,,6.5,4.851881587780389,5180.59694827309,4.7744168883374,0.0,31.7,248.0,,3.62773990631104,37.8930397033691,6.6,0.0,61.7670822143555,7,19,-0.71,-1.03,-0.64,-0.91,-0.64,13.8,29.0,45.1,50.0,49.3,0.431407700717039,0.0,10.8,0.0
46,Americas,47.1,30.3,0.736,48.1,7.0,188.22585477119299,18134.9322584092,6.98252758458058,3.96376991271973,19.5,95.0,,3.92848992347717,5.67314004898071,14.4,0.4,100.0,26,41,0.16,-0.35,-0.08,-0.42,-0.74,23.1,26.2,61.6,40.0,17.7,2.53562795178678,0.122,26.8,0.0065056272603802
47,Americas,45.9,37.0,0.752,48.1,0.0,197.525050990573,11837.959268778,1.28929193290502,5.26099014282227,16.6,59.0,,4.6214599609375,1.31207001209259,5.4,2.1,98.8499984741211,25,35,-0.1,-0.32,-1.0,-0.7,-0.6,23.3,30.2,48.5,40.0,39.8,2.26146981694915,0.541,38.0,0.024557120229967852
48,Middle East & North Africa,31.8,23.8,0.696,43.1,4.2,1118.7156834846999,11637.8785143941,5.31412103746398,4.25138998031616,3.05844048629935,37.0,,0.0,0.651929974555969,12.0,0.0,100.0,10,16,-1.42,-0.62,-0.86,-0.53,-0.54,52.5,32.2,53.4,50.0,34.1,2.48405991083232,0.087,14.9,0.013008191087835045
49,Americas,36.0,35.6,0.674,47.2,2.4,55.31910343341001,8821.51945731413,2.43228758708827,3.82416009902954,1.6,46.0,3.448559999,3.60575008392334,0.0,6.3,0.3,100.0,34,36,-0.25,-0.37,-0.15,-0.86,-0.51,35.4,25.2,63.2,60.0,21.3,1.20863713626374,0.584,32.1,0.013749020324974038
50,Sub-Saharan Africa,,,0.591,,-12.2,26.684599028365003,20873.0379596654,-6.23655098228059,0.0,3.6,301.0,,0.0,0.0,7.3,0.0,66.7477264404297,1,6,-0.15,-1.44,-1.4,-1.49,-1.83,17.6,26.2,42.0,30.0,36.1,3.94548003191235,0.459,24.0,0.013051715490862007
51,Sub-Saharan Africa,,,0.44,,4.8,0.0,0.0,0.0,0.0,2.7,480.0,,0.0,47.3481788635254,7.3,0.0,52.1710968017578,1,2,-0.66,-1.73,-2.2,-1.56,-1.2,13.8,23.4,41.7,20.0,28.5,0.251635846107416,0.01,22.0,
52,Europe & Central Asia,34.8,17.9,0.871,70.8,1.1,46.398357575857496,36249.3581462876,4.13381979831833,4.39433002471924,35.4,9.0,,5.2632098197937,2.15716004371643,6.9,0.3,100.0,38,56,0.66,1.12,1.64,1.28,1.24,83.9,75.7,78.8,80.0,39.8,7.67227790917304,0.165,26.7,0.021555150462494215
53,Sub-Saharan Africa,50.4,15.5,0.588,,1.7,9.68279316031675,8725.11044313722,2.38296442304164,7.07059001922607,0.0,437.0,,5.67916011810303,16.3491401672363,25.3,0.0,79.7304992675781,1,15,-0.3,-0.58,-0.56,-0.29,-0.3,35.3,26.9,55.9,40.0,34.1,0.836140045223269,0.536,6.2,0.016980236265651448
54,Sub-Saharan Africa,33.0,26.7,0.463,32.3,10.2,229.755278555775,2153.76908135974,6.81614779681703,4.60201978683472,3.2244856014062,401.0,,5.06867980957031,0.0,5.7,0.0,51.0939826965332,4,8,-1.69,-0.7,-1.01,-0.45,-0.56,37.6,37.7,52.8,20.0,17.7,0.16381342920099,1.0,38.8,0.005278282267263974
55,East Asia & Pacific,,,0.741,49.0,4.3,12.2329091684617,14176.9060216069,3.81235122208518,4.26821994781494,3.4,34.0,,4.83571004867554,0.0,7.9,0.2,100.0,24,35,0.79,0.09,-0.22,-0.25,0.36,47.1,34.8,62.0,50.0,32.6,1.83155327542587,0.462,16.0,0.01650627462291854
56,Europe & Central Asia,27.2,31.3,0.92,81.3,0.4,265.018680600984,49580.6051952837,1.14194750876192,7.10236978530884,23.0,3.0,7.15155983,6.27542018890381,1.32710003852844,9.0,0.0,100.0,40,60,1.07,1.94,1.82,2.03,2.22,82.7,89.8,74.1,80.0,57.1,7.37285476082008,0.463,42.0,0.020302808319482182
57,Europe & Central Asia,29.3,30.4,0.901,73.9,1.1,3038.64398560027,46576.6018489382,1.86506607081999,0.0,0.0,8.0,5.51760006,5.40716981887817,0.0147200003266335,10.0,0.0,100.0,38,52,0.21,1.35,1.16,1.44,1.26,72.7,65.1,63.9,70.0,57.0,4.46877008881409,0.168,39.0,0.01945382262028196
58,Sub-Saharan Africa,42.2,17.5,0.702,40.9,4.0,31.2459510938624,15095.9268000247,0.83791658082157,2.66667008399963,3.6,252.0,,2.93345880508423,0.0,18.5,0.0,91.5715637207031,4,19,-0.09,-0.94,-0.79,-0.68,-0.81,27.8,33.4,58.0,40.0,22.6,2.41648401116093,0.45,17.1,0.017100361030469982
59,0,50.2,,0.46,,4.4,4.9206153757547195,2209.63426611081,7.23489033258579,2.23094010353088,51.4,597.0,,2.36543989181519,18.1914806365967,29.7,0.0,62.2730674743652,20,21,,,,,,38.8,36.8,52.3,50.0,29.4,0.247050718368434,0.0,10.3,0.007486513830746826
60,Europe & Central Asia,40.1,31.1,0.78,55.4,2.8,53.1160270027883,14593.9244791426,4.84291988506627,2.99767994880676,33.0,25.0,,3.5210599899292,0.786210000514984,11.6,1.5,100.0,26,38,-0.37,0.57,1.05,0.33,0.74,64.2,61.8,76.2,60.0,29.8,2.71762422558518,0.789,16.0,0.016732216747983825
61,Europe & Central Asia,27.0,29.8,0.936,79.6,1.5,4434.3683442232405,55235.366304833,1.08602451412267,4.92102003097534,47.2,7.0,4.931129932,4.97576999664307,0.688939988613129,4.3,0.0,100.0,39,55,0.58,1.72,1.78,1.61,1.84,78.0,75.3,74.2,70.0,44.2,7.91162101567715,0.318,37.0,0.013373843362162989
62,Sub-Saharan Africa,42.3,21.4,0.592,40.2,3.5,158.21973702954998,5442.23589950668,6.20007768127284,4.39978981018066,0.0,308.0,6.159830093,3.8861300945282,3.62357997894287,5.8,0.0,85.8735504150391,37,46,0.09,-0.11,-0.14,0.13,-0.23,43.7,32.9,56.0,60.0,26.5,0.658823540945168,0.522,12.7,0.004921005949156867
63,Europe & Central Asia,36.7,23.6,0.87,64.1,-0.2,312.76878599350204,29617.5483399732,1.66842863602514,0.0,14.5,3.0,,3.59734010696411,1.42841994762421,23.9,0.4,100.0,35,50,-0.13,0.31,0.24,0.08,-0.14,59.0,37.9,57.3,40.0,51.3,5.59618906985928,0.297,18.3,0.03867369630113326
64,Americas,53.0,34.2,0.65,42.5,4.0,138.330704321969,8664.3343202623,3.32209799734959,2.98562002182007,0.0,95.0,2.941390038,3.13704991340637,10.6287202835083,2.4,0.0,97.0552673339844,23,33,-0.57,-0.64,-0.26,-1.06,-0.74,33.1,27.3,63.4,50.0,12.5,1.16297092439764,0.617,12.7,0.00444567515086392
65,Sub-Saharan Africa,39.4,,0.459,28.3,0.1,31.032095919690498,2559.42554529443,6.35849192736715,2.42281007766724,34.7,576.0,2.419260025,2.38432002067566,0.0,6.8,3.1,44.6686782836914,17,24,-0.61,-1.04,-0.84,-1.23,-1.01,28.2,26.9,52.2,40.0,25.4,0.30928854143783,0.5,21.9,0.014845411173646786
66,Sub-Saharan Africa,,,0.455,,4.8,3.56479826534134,1947.36909498914,1.28373670309465,2.20000004768372,58.3,667.0,,2.13787007331848,0.0,6.5,4.7,33.3354682922363,16,25,-0.6,-1.77,-1.18,-1.44,-1.56,53.5,27.3,56.9,30.0,21.9,0.171792957797251,0.0,13.7,0.01782638658684506
67,Americas,44.6,,0.654,42.8,3.0,9.72012265960009,12775.6713980142,4.44101358934772,4.36033010482788,4.1,169.0,,4.45058012008667,0.0,11.4,0.0,92.5405426025391,32,42,-0.04,-0.29,-0.39,-0.29,-0.51,42.5,34.8,58.7,30.0,31.2,3.64089285507658,0.0,31.9,0.009565162350268974
68,Americas,60.8,28.6,0.498,24.2,1.0,35.208265608277,3240.9243746958,1.66781095484656,1.75314998626709,3.4,480.0,,1.63206994533539,0.0,13.2,0.0,46.9255332946777,17,24,-0.7,-2.06,-1.32,-1.09,-1.24,42.5,24.6,55.8,30.0,21.9,0.294768413969466,0.084,2.5,0.0018854070211282803
69,Americas,47.1,27.2,0.617,41.9,3.6,54.4606097983686,5816.06737202683,3.84499476966735,7.0901198387146,45.6311357179348,65.0,,6.05646991729736,15.6980695724487,6.3,4.3,93.2067108154297,20,26,-0.55,-0.51,-0.44,-1.05,-0.72,34.5,28.2,60.6,60.0,27.9,1.04862299152317,0.436,25.8,0.01605880701536758
70,Europe & Central Asia,28.2,26.4,0.838,66.1,2.9,304.231829371843,62513.955266957,5.35949648949985,4.6003999710083,17.251109252423,12.0,4.631949902,4.62282991409302,2.43139004707336,5.2,0.1,100.0,28,44,0.81,0.51,0.65,0.53,0.09,57.1,36.4,66.7,70.0,48.5,4.74663102989868,0.116,10.1,0.016360658720034563
71,Europe & Central Asia,28.0,31.1,0.935,83.7,4.0,20.040970853944998,31913.0746552476,4.89218073132504,7.6414098739624,2.9,4.0,,7.56170988082886,4.44464015960693,3.8,0.0,100.0,37,58,1.37,1.45,1.43,1.61,1.84,72.6,77.3,77.0,70.0,43.1,4.54844225751086,1.0,47.6,
72,South Asia,35.2,29.2,0.64,40.0,7.3,8811.11528573186,6669.62278430014,6.45385134497769,0.0,0.0,145.0,,4.36373996734619,0.0,3.5,1.8,99.0,35,42,-0.83,0.09,-0.25,0.0,-0.24,54.3,47.2,54.5,40.0,27.3,1.79762011876852,0.151,11.8,0.026577900305658597
73,East Asia & Pacific,36.8,35.7,0.694,46.4,4.8,3043.87602267453,11643.3973183439,5.17429153955024,3.28800988197327,42.6395771840764,177.0,3.288009882,3.0,5.62332010269165,5.6,0.5,96.9499969482422,30,34,-0.51,0.04,-0.11,-0.35,-0.25,45.2,42.8,64.2,60.0,17.6,2.2903971480842,0.112,19.8,0.006959259394976769
74,Middle East & North Africa,44.5,24.0,0.798,48.0,0.0,1252.49472057144,15677.4298005466,-2.25386360686099,2.80135011672974,21.3,16.0,2.801350117,3.9553599357605,0.0,11.3,0.2,100.0,7,11,-0.93,-0.19,-1.2,-0.68,-0.81,35.3,32.6,50.9,10.0,17.2,7.59836484538996,0.054,5.9,0.022991602406770395
75,Middle East & North Africa,,26.5,0.685,37.0,2.4,405.706056270421,10808.2088306983,2.63385099105624,0.0,1.5,79.0,,0.0,0.0,16.0,0.0,100.0,16,15,-2.33,-1.27,-1.2,-1.64,-1.37,11.4,23.4,,,42.7,4.44062412949085,0.039,25.3,0.022829567106897035
76,Europe & Central Asia,31.3,30.0,0.938,80.3,7.8,407.52266606134197,84555.6348017403,9.03016110018034,4.87849998474121,11.1,5.0,,3.39286994934082,0.00173999997787178,8.1,0.0,100.0,39,57,1.02,1.29,1.59,1.43,1.55,79.0,79.0,80.4,70.0,31.9,7.24514322077522,0.297,22.2,0.0026479124832476044
77,Middle East & North Africa,42.8,28.8,0.903,66.5,2.6,354.454108942855,39906.1246843388,3.98342459356549,5.76681995391846,2.5,3.0,5.739089966,6.11233997344971,0.312099993228912,5.6,0.2,100.0,36,43,-0.88,1.39,1.27,1.02,0.83,83.1,61.2,72.2,70.0,40.1,6.91959371834315,0.02,27.5,0.05171624262665083
78,Europe & Central Asia,31.9,28.1,0.88,69.1,0.8,2540.4885760053903,43036.2437770367,0.925810941012742,4.06127977371216,11.4,2.0,4.075250149,4.25614023208618,3.14660000801086,11.5,1.0,100.0,36,53,0.24,0.5,0.7,0.32,0.19,60.9,40.1,62.5,50.0,50.3,5.31131544170879,0.409,31.0,0.015227301369349178
79,Americas,35.0,36.9,0.732,49.7,1.1,28.5703897899526,9967.42920828158,1.88992368121086,6.01586008071899,12.9,80.0,6.020720005,5.41380977630615,26.4554195404053,13.3,0.0,100.0,34,43,0.25,0.49,0.14,-0.16,-0.17,56.6,39.4,69.1,50.0,27.6,2.84573001224876,0.108,17.5,0.014127203227583639
80,East Asia & Pacific,37.9,28.3,0.909,75.2,0.5,5292.99011234387,42116.4743457281,0.584068067242868,3.55158996582031,8.9,5.0,3.59059,3.07782006263733,0.0,3.1,0.0,100.0,40,56,1.12,1.62,1.37,1.57,1.52,73.2,79.2,72.3,60.0,39.1,8.54098020491546,0.174,9.3,0.010735151954769553
81,Middle East & North Africa,39.7,,0.735,48.7,2.5,99.7867320292186,10252.6188242774,1.93409170141707,3.79999995231628,1.8,46.0,,2.98481011390686,19.023250579834,13.2,0.0,99.9000015258789,12,25,-0.53,0.12,0.1,0.26,0.26,57.3,51.9,64.9,60.0,32.0,2.43820411172168,0.01,15.4,0.050189552832919176
82,Europe & Central Asia,26.3,19.1,0.8,57.7,1.2,466.859990810033,26154.6019350822,4.09999999987123,3.42164993286133,31.2,10.0,,2.61595010757446,0.990610003471375,5.2,0.0,100.0,5,17,0.02,0.01,0.17,-0.41,-0.82,58.1,44.6,69.1,50.0,22.2,11.4569378323984,0.093,27.1,0.00866368644727073
83,Sub-Saharan Africa,48.5,24.2,0.59,35.4,5.6,223.032171628642,4443.45232207281,5.64794640709219,4.7172999382019,15.7,342.0,5.280149937,5.10761976242065,0.0,11.0,0.0,71.4379425048828,19,29,-1.08,-0.31,-0.23,-0.41,-0.96,44.0,27.5,54.7,50.0,27.4,0.423783898343557,0.882,21.8,0.011191091234484921
84,East Asia & Pacific,,,,,1.0,0.0,2197.69948408805,0.0,11.2323703765869,2.7,89.0,,0.0,0.0,4.3,0.0,52.3135452270508,0,3,-0.48,-1.69,-2.34,-1.71,-1.48,5.0,25.2,5.8,0.0,,2.18341993045969,0.021,16.3,
85,East Asia & Pacific,35.7,24.8,0.903,,2.6,2164.81289727432,0.0,2.90740377377135,0.0,7.6,11.0,5.05671978,4.45807981491089,0.92399001121521,3.7,0.0,100.0,33,51,0.29,1.08,1.11,1.16,0.48,63.7,49.9,73.8,70.0,32.3,11.7993253802233,0.738,17.0,0.027770196327106297
86,Europe & Central Asia,23.2,,,,3.3,19.3279502574467,43044.2917633371,3.40663100837845,0.0,45.7,0.0,,0.0,0.0,,0.0,0.0,24,28,-0.21,-0.41,-0.13,-0.42,-0.5,59.0,45.4,66.6,30.0,27.1,0.0,0.0,,0.009398589339623559
87,Middle East & North Africa,,,0.803,65.7,0.9,211.29601229151,52290.9058973213,2.43398126829415,4.40000009536743,13.6717021875404,12.0,,6.38917016983032,0.0,2.4,0.0,100.0,13,23,-0.04,-0.17,-0.06,0.1,-0.33,53.5,36.6,62.2,60.0,51.5,22.0224164011923,0.0,3.1,0.0669062243044488
88,0,33.4,33.1,0.672,45.4,3.5,32.455892924557304,5255.78347282087,3.75791012480484,5.53159999847412,22.0,60.0,5.531599998,5.55267000198364,0.287640005350113,7.7,0.2,99.9810485839844,12,25,-0.43,-0.71,-0.35,-0.93,-1.05,22.1,29.4,62.8,50.0,37.3,1.55664325620875,0.858,19.2,0.016692137831221608
89,East Asia & Pacific,36.7,,0.601,37.8,7.0,53.616750150258696,7774.2229979859,6.24796000755872,2.93780994415283,6.0,185.0,2.937809944,2.36999988555908,8.51140022277832,1.5,1.2,100.0,1,11,0.43,-0.36,-0.72,-0.88,-0.94,41.4,33.1,53.6,20.0,26.3,2.60968183422462,0.965,27.5,
90,Europe & Central Asia,34.5,17.1,0.847,66.1,2.7,57.9129595102358,30877.0419264807,3.9894803874928,5.28122997283936,0.0,19.0,5.268799782,4.24356985092163,1.1314400434494,9.9,0.2,100.0,35,52,0.46,0.9,1.15,0.93,0.54,58.9,45.4,73.6,60.0,37.0,3.95543586167438,0.515,16.0,0.0228041898110783
91,Middle East & North Africa,,21.9,0.757,44.8,1.0,106.743582305644,15933.400974913,-1.88470547404803,2.0,58.1,29.0,,2.52447009086609,0.0,6.8,0.0,100.0,11,32,-1.59,-0.51,-0.31,-0.82,-1.0,33.6,20.2,53.2,50.0,26.9,4.07689427350833,0.028,3.1,
92,Sub-Saharan Africa,63.2,16.7,0.52,29.5,2.5,5.512555847493459,2677.12333389169,-1.22313731083291,7.19859981536865,7.66516992182274,544.0,,7.28535985946655,6.818039894104,27.4,0.0,47.3527374267578,27,37,-0.25,-0.85,-0.32,-0.27,-0.03,52.7,32.9,53.9,40.0,50.4,0.362307409340339,1.0,22.9,0.012871874948068433
93,Sub-Saharan Africa,32.0,22.2,0.435,30.6,0.0,7.4403499359407705,1580.85466837543,1.15757512207355,2.20005011558533,9.5,661.0,,2.50391006469727,0.0,4.0,0.0,27.5347099304199,27,35,-0.41,-1.37,-0.95,-0.97,-0.69,42.4,32.0,50.9,20.0,36.8,0.238993430019259,0.0,12.3,0.009512945733481538
94,Middle East & North Africa,,,0.706,,-6.4,166.700617401435,25556.8544005915,7.9413678529104,0.0,22.0,72.0,,0.0,0.0,19.2,0.0,69.7073516845703,1,8,-2.33,-1.77,-2.21,-1.78,-1.59,22.1,23.1,,,92.9,8.38072934435112,0.0,16.0,
95,Europe & Central Asia,37.9,21.0,0.858,67.4,1.6,99.3054769027311,36376.1898152469,3.99331032795327,4.48657989501953,2.3,8.0,4.485509872,3.89293003082275,0.179499998688698,9.2,0.4,100.0,38,53,0.78,0.98,1.16,0.99,2.06,66.7,50.9,75.3,70.0,34.7,4.19807602212644,0.481,21.3,0.020217261727096265
96,Europe & Central Asia,30.4,13.2,0.904,83.2,4.5,69.9446025596535,116965.586110774,2.00437711983041,3.85569000244141,3.4,5.0,3.994390011,3.64749002456665,0.99738997220993,5.9,0.1,100.0,38,60,1.34,1.68,1.69,1.74,1.99,77.9,79.0,76.4,80.0,41.4,15.3064265559542,0.0,28.3,0.006268807820584842
97,0,33.7,23.4,,52.5,3.7,33.521636109229696,16796.2702317993,2.88059670964267,2.04853010177612,0.0,0.0,,0.0,3.00205993652344,26.7,1.2,100.0,21,37,-0.25,0.14,0.5,-0.24,-0.31,57.0,47.4,71.3,60.0,31.5,3.99673721344351,0.327,34.2,0.015410425171060664
98,Sub-Saharan Africa,41.0,,0.519,31.1,3.0,41.811015226350406,1630.08813940303,3.20001288035283,2.3812301158905,5.5,335.0,,2.84409999847412,1.95992994308472,2.1,0.0,33.7350769042969,24,32,-0.33,-1.14,-0.69,-0.86,-1.05,21.4,17.8,56.8,50.0,15.4,0.152766255296265,0.597,19.2,0.0077003430337098866
99,Sub-Saharan Africa,46.1,22.1,0.477,32.5,3.0,27.1555344056584,1532.48931243263,4.39168829609886,4.83983993530273,7.4,349.0,4.839839935,3.32295989990234,0.0,6.7,29.3,14.8667688369751,26,37,-0.27,-0.67,-0.75,-0.37,-0.65,47.1,28.9,52.0,50.0,31.3,0.0778366839170854,0.991,16.7,0.009489696382338602
100,East Asia & Pacific,46.2,30.3,0.802,59.8,5.0,869.460564471453,28236.2071895568,4.84308697634881,5.21263980865479,5.3,29.0,5.212639809,4.47865009307861,0.26282000541687,3.3,0.0,100.0,18,27,0.16,0.84,0.68,0.41,0.03,65.2,54.8,74.5,50.0,24.9,7.92712603743521,0.104,10.4,0.0105799365858043
101,East Asia & Pacific,38.4,,0.717,,1.9,9.692060901420971,19242.8317253968,8.12312890817314,3.0885899066925,17.8,53.0,3.470459938,3.91248989105225,3.41718006134033,3.2,0.0,100.0,14,21,0.26,-0.45,-0.42,-0.62,-0.79,38.8,36.6,51.1,30.0,42.6,3.97395626217534,0.0,5.9,0.0
102,Sub-Saharan Africa,40.1,,0.427,29.7,6.1,43.567915125389504,2338.26031226403,4.74648432724561,3.64819002151489,5.6,562.0,3.637409925,3.90556502342224,40.988410949707,8.1,3.0,50.5614166259766,17,27,-1.91,-0.94,-0.57,-0.78,-0.63,32.4,31.4,57.6,40.0,22.2,0.29657101956316,0.54,8.8,0.028219483077103934
103,Middle East & North Africa,28.1,29.0,0.878,68.8,6.3,21.6158341272484,45568.7232072745,6.03421380724669,7.00420999526978,35.0,6.0,7.249639988,0.0,0.0,5.3,0.1,100.0,36,56,1.27,1.0,1.28,1.14,0.74,62.8,49.9,68.5,60.0,40.4,3.29324560594014,0.079,11.9,0.00513660031361857
104,Sub-Saharan Africa,37.0,18.0,0.52,28.9,1.9,22.8681321652962,5317.46429363969,4.52674622501065,0.0,14.8,766.0,,15.1999998092651,19.6911106109619,11.7,0.0,47.3484191894531,9,21,-0.62,-0.72,-0.78,-0.6,-0.75,17.6,28.9,54.0,40.0,30.1,0.872793555310964,0.0,25.2,0.023781621983777982
105,Sub-Saharan Africa,35.9,27.4,0.79,60.2,3.4,28.1000237840908,22738.6929559433,3.75967723144153,4.91695022583008,29.0,61.0,4.916950226,0.0,1.30397999286652,7.8,0.0,99.6616516113281,37,52,0.99,0.9,1.0,0.68,0.2,69.6,52.1,75.1,70.0,25.4,3.29459100560393,0.238,11.6,0.0016955766459839177
106,Americas,48.2,40.7,0.774,49.1,2.5,2514.7798984319597,20096.1566534339,2.19499472522698,5.25747013092041,25.5,33.0,5.325860023,4.2542200088501,0.699460029602051,4.0,1.0,99.4000015258789,26,36,-0.65,-0.03,0.2,-0.57,-0.93,39.0,26.9,64.8,60.0,27.0,3.52160004771504,0.16,42.6,0.006801307633427807
107,Europe & Central Asia,26.8,,0.7,48.7,-1.1,33.4820473324337,12658.5037557636,4.30147775702727,6.26601982116699,36.3,19.0,7.464509964,5.43973016738892,0.647819995880127,5.0,0.0,100.0,26,35,-0.24,-0.51,-0.04,-0.41,-0.8,26.3,26.6,58.4,50.0,38.0,3.32461016755783,0.056,22.8,0.004116136090619303
108,East Asia & Pacific,34.0,14.3,0.741,50.6,2.3,38.1333491517365,12316.0010702258,7.7448806201857,4.71484994888306,0.0,0.0,4.714849949,6.17301988601685,0.0,6.7,0.1,98.0999984741211,36,49,0.82,-0.26,-0.12,-0.3,-0.45,30.9,34.8,55.7,60.0,37.8,0.0,0.033,17.1,0.006554330383837158
109,Europe & Central Asia,31.9,25.1,0.814,,4.1,12.8717371123062,21513.2997530468,5.0778888113381,0.0,13.2,45.0,,0.0,0.71943998336792,17.5,1.0,100.0,25,42,0.01,0.15,0.3,0.01,-0.09,51.3,38.1,64.3,50.0,46.3,7.15312008585735,0.509,23.5,0.017429456230431666
110,Middle East & North Africa,40.9,32.7,0.667,45.8,4.5,272.53168971535996,7624.84423828125,3.148502655914,0.0,2.5,70.0,,5.34884786605835,0.20558999478817,10.0,0.0,100.0,14,25,-0.41,-0.16,-0.23,-0.17,-0.13,44.3,41.3,61.9,70.0,31.4,1.95987228468546,0.157,20.5,0.041835129927529455
111,Sub-Saharan Africa,45.6,23.7,0.437,26.7,6.3,38.0420631299955,1320.54788029461,3.44381383971462,6.87632989883423,49.0,289.0,,5.45218992233276,6.07066011428833,24.4,0.0,30.603832244873,20,32,-0.98,-0.89,-0.73,-1.01,-0.86,36.3,28.2,46.3,50.0,36.2,0.246986411762639,0.87,39.6,0.015111900140532913
112,East Asia & Pacific,,24.7,0.578,37.0,7.0,239.961167803758,4574.59617785102,6.404977325147,1.89999997615814,19.1306991631138,250.0,,2.15748000144959,1.94719994068146,0.8,0.0,70.3971939086914,13,18,-1.08,-1.05,-0.83,-0.95,-0.56,17.6,28.2,53.9,20.0,22.6,0.679428522562061,0.601,10.2,0.03334939830334761
113,Sub-Saharan Africa,59.7,21.6,0.647,39.1,4.5,24.6971211797855,10328.4475329955,1.05994347072928,9.57785415649414,0.0,195.0,,8.88112258911133,1.51895999908447,25.6,0.0,56.2586936950684,30,47,0.65,0.2,-0.19,0.24,0.32,54.2,45.4,58.5,40.0,40.7,1.69170542764537,0.979,41.3,0.03001719923343714
114,South Asia,32.8,30.5,0.574,41.7,3.4,106.025235593668,13960.4433239947,7.62237610768169,3.47213006019592,23.8,186.0,3.993020058,4.43445014953613,0.0,3.2,0.0,89.9000015258789,25,30,-0.66,-0.88,-0.72,-0.68,-0.75,36.2,24.6,54.1,30.0,20.3,0.470136453499051,1.0,29.6,0.013369918904648665
115,Europe & Central Asia,30.3,35.3,0.931,80.3,1.9,966.020584715913,57826.6284976675,2.36091509478513,5.458899974823,1.8,5.0,5.529310226,5.35764980316162,0.0,6.2,0.0,100.0,40,59,0.92,1.85,2.05,1.83,1.87,74.1,86.0,76.2,80.0,45.0,8.43707462722941,0.147,36.0,0.014224507029137325
116,East Asia & Pacific,36.2,31.3,0.917,78.6,3.4,210.04986502967802,42520.7544165013,3.35921954753083,6.34243011474609,5.74955118003866,9.0,6.355259895,6.04850006103516,0.380730003118515,5.2,0.0,100.0,40,58,1.59,1.77,2.09,1.92,2.24,88.4,95.7,84.2,80.0,41.0,6.83041418732592,0.808,34.2,0.013709806591118407
117,Americas,47.1,38.7,0.658,43.5,4.5,37.0453106710195,5866.57109970782,-3.3637057173864,4.08329010009766,3.6,98.0,,4.46999979019165,0.0,5.9,0.0,88.9073791503906,12,32,-0.05,-0.64,-0.67,-0.64,-0.87,19.0,24.2,58.9,50.0,25.8,0.80054959429675,0.516,45.7,0.0060358162170254005
118,Sub-Saharan Africa,34.0,16.8,0.354,,4.0,26.940427030893698,1229.08009097818,7.21080300824623,5.10368013381958,72.2,509.0,6.72770977,3.457279920578,41.304859161377,2.6,15.6,19.2519092559814,20,29,-1.3,-0.67,-0.68,-0.68,-0.65,32.6,30.4,49.5,40.0,30.1,0.0922322514104962,0.008,17.0,0.01841671602160073
119,Sub-Saharan Africa,48.8,22.2,0.532,26.5,2.7,1009.7488864119699,5278.23132070641,1.92275734157302,0.0,13.8,917.0,,0.0,0.0,5.0,9.0,55.4000015258789,25,25,-1.94,-0.96,-0.89,-0.87,-1.07,39.6,14.4,58.5,40.0,11.0,0.573636206051187,0.19,5.6,0.009702492042518754
120,Europe & Central Asia,26.8,36.8,0.953,85.3,1.6,341.775361449658,69808.3294106839,1.11882847945122,7.69504022598267,23.6,2.0,7.68073988,7.64411020278931,0.000469999999040738,4.8,0.2,100.0,40,60,1.15,1.98,1.81,2.02,2.24,86.0,93.6,74.3,60.0,48.6,6.7222699848575,0.985,39.6,0.01841355249097267
121,Middle East & North Africa,,21.1,0.821,62.1,4.1,157.41527454298497,33373.3810042941,1.28710391543288,0.0,35.3120657231634,19.0,,5.20723009109497,3.23914003372192,17.5,0.0,100.0,6,17,0.74,0.21,0.42,0.43,0.25,57.4,51.5,61.0,60.0,50.0,15.2824363897061,0.0,1.2,0.07344383765652532
122,Middle East & North Africa,30.7,31.5,0.562,27.9,4.2,1123.5824798215301,5420.69579177178,6.15170261099519,2.46592998504639,12.3,140.0,2.465929985,0.0,0.0,5.9,0.6,75.3796920776367,19,24,-2.4,-0.58,-0.59,-0.72,-0.78,34.0,27.3,54.4,40.0,19.8,0.879965499388893,0.33,20.6,0.03833274095240632
123,Americas,50.7,39.5,0.789,54.5,5.8,129.646107734934,31780.5990926928,3.68534452237613,0.0,10.0,52.0,,2.8829300403595,0.0,5.8,0.4,96.7046356201172,35,48,0.39,0.01,0.39,0.04,-0.54,29.4,38.8,67.0,70.0,23.1,3.1414549958525,0.665,18.3,
124,East Asia & Pacific,50.9,,0.544,,9.0,36.0569447746706,4289.67688330437,-0.279252284959952,0.0,3.7,145.0,,1.8748300075531,0.0,2.5,0.0,60.4000015258789,25,38,-0.58,-0.66,-0.65,-0.82,-0.9,55.1,33.1,55.7,30.0,24.5,0.863707513959878,0.238,0.0,0.0037526140880535922
125,Americas,51.7,23.3,0.702,46.2,3.0,89.2304221053981,13134.1633628682,3.20425034076639,4.78911018371582,14.2,129.0,,3.28320002555847,0.0,5.4,0.2,100.0,27,37,0.12,-0.81,-0.23,-0.65,-0.72,28.2,28.3,62.1,60.0,24.4,1.16542523160477,1.0,13.8,0.009739598424037424
126,Americas,45.3,34.6,0.75,49.3,3.3,408.868882462974,13086.7903530507,3.969351341365,3.69599008560181,20.9,88.0,3.691210032,3.71429991722107,1.41640996932983,4.9,1.8,99.3118133544922,31,42,-0.26,-0.13,0.42,-0.5,-0.5,33.5,36.6,68.7,60.0,21.9,1.74559192668502,0.54,27.7,0.011151564864811444
127,East Asia & Pacific,44.4,35.0,0.699,44.5,5.8,908.257834444197,8719.58797881042,6.34148557153473,2.78999996185303,15.7,121.0,,3.1331000328064,3.80140995979309,5.9,0.5,96.8423843383789,27,35,-1.24,-0.06,0.02,-0.41,-0.48,38.2,34.4,65.0,60.0,18.9,1.34502905731688,0.265,29.5,0.010378474635629905
128,Europe & Central Asia,30.8,27.5,0.865,67.7,3.6,1202.81721401677,31953.0350337072,5.35370335471698,4.93554019927979,52.4287970327087,2.0,4.912409782,4.61579990386963,2.15774011611938,6.2,0.1,100.0,36,49,0.52,0.63,0.88,0.47,0.73,56.6,50.9,68.5,70.0,41.7,7.77364183861292,0.146,28.0,0.021204143824285485
129,Europe & Central Asia,33.9,24.8,0.847,70.8,1.5,350.068760634558,34928.5435337746,2.84932593436179,5.12400007247925,16.2,8.0,5.123250008,4.67515993118286,0.416750013828278,11.2,0.2,100.0,39,58,1.08,1.33,0.91,1.13,0.87,70.1,56.8,63.4,60.0,48.4,4.33976842606964,0.498,34.8,0.020727573615885748
130,Middle East & North Africa,,,0.856,70.8,3.3,253.049780948974,93143.3455659589,1.23487219150027,3.60535001754761,5.6,9.0,3.605350018,0.0,1.33929002285004,0.2,0.0,100.0,7,17,0.55,0.74,0.42,0.72,0.73,59.8,71.6,72.6,60.0,36.4,32.4744687618012,0.0,0.0,0.04806811416100756
131,Europe & Central Asia,27.3,28.8,0.811,60.0,3.7,555.464884524088,29342.0411489328,4.47452377497343,3.12122011184692,4.4,19.0,3.128509998,3.34474992752075,12.5010595321655,6.4,0.8,100.0,35,49,0.06,-0.17,0.49,0.39,-0.03,59.7,40.0,69.4,50.0,33.2,3.81743447683141,0.413,20.7,0.019539229198089002
132,0,41.2,18.7,0.816,57.0,-3.7,3913.9759404413103,28821.26171875,2.80724541049418,4.01387977600098,30.3,17.0,,4.67819976806641,0.163770005106926,5.7,0.0,100.0,5,15,-0.67,-0.08,-0.48,-0.79,-0.89,46.9,38.1,58.2,30.0,35.3,11.7972029330523,0.169,15.8,0.04080066196494801
133,Sub-Saharan Africa,50.4,19.6,0.524,38.0,6.9,25.6957312822469,2138.64992682236,8.57943753725192,4.19878005981445,31.8,248.0,,3.07375001907349,4.32010984420776,2.5,0.0,100.0,8,15,0.04,0.26,0.15,0.13,0.63,79.6,61.2,69.1,40.0,27.2,0.105330369319572,0.5,61.3,0.015453244209183608
134,Middle East & North Africa,45.9,,0.853,62.6,3.4,1605.26069179246,48767.8365476376,2.51416579969228,0.0,39.9,17.0,,7.08581304550171,0.0,5.5,0.0,100.0,0,7,-0.62,0.25,0.0,0.1,0.36,60.2,49.9,59.6,50.0,40.0,15.2845787251876,0.0,19.9,0.06594475880728395
135,Sub-Saharan Africa,40.3,21.9,0.505,38.4,6.5,52.4696660651249,3388.55015849,6.20924103389086,5.72021007537842,1.8,315.0,7.401400089,4.85822010040283,0.0,9.5,1.8,70.3689422607422,31,44,-0.04,-0.32,-0.15,-0.15,-0.09,40.4,42.6,55.7,40.0,30.2,0.651679183707327,0.111,41.8,0.017579137865005624
136,Europe & Central Asia,38.7,29.0,0.787,54.9,0.7,121.86601294530499,17717.9058010775,4.4951212927627,3.92698001861572,50.262233041509,12.0,4.180250168,3.58231997489929,1.43445003032684,16.5,1.2,100.0,28,45,0.1,0.19,0.01,-0.19,-0.37,48.2,36.5,62.5,50.0,44.5,6.61604693907974,0.283,34.4,0.020865005345612034
137,Sub-Saharan Africa,34.0,15.3,0.419,32.9,-21.5,12.6579353353418,1694.12841362103,3.46460213996657,2.66291999816895,11.1,1120.0,2.662909985,6.98963022232056,0.0,3.0,6.0,26.2008857727051,28,38,0.03,-1.21,-0.92,-0.79,-0.59,29.6,22.0,51.8,20.0,18.4,0.115189572752666,0.629,12.4,0.006090658505226843
138,East Asia & Pacific,45.9,,0.932,81.8,2.0,554.490236495799,100686.237096513,3.66130499436235,2.9243700504303,16.6,8.0,,2.85597991943359,0.204339995980263,1.8,0.0,100.0,19,33,1.59,2.21,2.12,1.82,2.13,90.9,91.2,88.8,80.0,17.7,8.30707949147546,0.033,23.0,0.02978231311450174
139,0,23.7,28.2,0.855,67.4,3.6,169.716059936022,31214.5925736482,3.79441055314645,4.23041009902954,1.8,5.0,4.230679989,3.97256994247437,4.43058013916016,10.0,0.1,100.0,36,53,0.88,0.81,0.82,0.57,0.22,38.8,38.2,65.3,70.0,43.1,5.69841625532024,0.237,20.0,0.017058158020208936
140,Europe & Central Asia,24.4,24.6,0.896,72.6,2.9,78.7750653672742,38961.5443523867,4.4225215682918,5.29169988632202,2.1,7.0,5.294439793,4.93587017059326,0.232710003852844,8.7,0.0,100.0,39,54,0.89,1.17,0.58,1.02,0.81,57.7,52.1,64.8,50.0,47.9,6.51220937780615,0.305,36.7,0.012180757866384643
141,East Asia & Pacific,,,0.546,,3.3,833.905307629785,2761.59959455233,3.94312375062317,9.8120002746582,80.1,104.0,,10.8100004196167,4.38313007354736,31.4,0.0,73.3464813232422,28,44,0.21,-1.01,-0.8,-0.21,0.11,57.3,36.8,57.5,30.0,46.3,0.537457043456558,0.0,2.0,0.0
142,Sub-Saharan Africa,,,,,3.7,1.76085973404394,1156.51609418775,7.6788798020291,0.0,4.9,829.0,,0.0,0.0,6.6,0.0,49.7308692932129,1,6,-2.33,-2.21,-2.29,-2.31,-1.72,25.4,17.8,,,,0.0446807095514156,0.014,24.4,
143,Sub-Saharan Africa,62.5,15.9,0.699,38.5,1.3,16.9522623632203,14207.4328532031,1.48761737271568,5.48977994918823,41.7,119.0,6.04693985,5.64401006698608,11.007960319519,25.9,0.0,84.3855361938477,32,46,-0.27,0.28,0.23,-0.01,-0.01,65.9,45.4,63.0,50.0,32.6,7.5077360921292,0.024,42.0,0.0
144,Sub-Saharan Africa,46.0,,0.388,,,801.9252653737419,0.0,0.0,1.23246002197266,50.3,1150.0,1.712970018,0.0,0.0,,0.0,7.24133825302124,-2,4,-2.46,-2.48,-1.94,-1.94,-1.71,,,,,,0.153677682917001,0.006,28.5,0.02368215024907302
145,Europe & Central Asia,35.9,36.0,0.891,71.8,3.2,1883.93495879644,40696.3876815487,2.28878567617447,4.30338001251221,1.7,4.0,4.279900074,4.18157005310059,3.07590007781982,19.4,0.6,100.0,38,56,0.27,1.03,0.94,1.01,0.49,62.0,51.5,65.1,70.0,43.7,5.09135092007508,0.362,39.1,0.013707815216381567
146,South Asia,39.2,33.8,0.77,49.3,5.2,278.683152393389,13167.5552958504,3.27200047840022,1.93288004398346,33.9,36.0,1.932880044,2.13539004325867,0.539619982242584,5.0,0.0,100.0,24,31,-0.06,-0.15,-0.13,0.06,-0.45,52.0,30.7,57.8,40.0,18.9,1.09067562659476,0.498,5.8,0.01875538785843712
147,Sub-Saharan Africa,,,0.502,26.5,3.5,182.662731984259,4474.15576171875,-2.6809305497999,0.0,28.9,295.0,,0.0,32.8675994873047,13.3,0.0,55.3897018432617,4,4,-2.01,-1.41,-0.56,-1.11,-1.54,21.4,21.2,49.4,20.0,12.5,0.481626765087475,0.657,30.5,0.01016447116102729
148,Americas,,25.4,0.72,52.7,0.1,10.9470098300286,19459.7014990406,4.94827076559268,0.0,4.7,120.0,,4.92254018783569,13.8299798965454,10.0,0.0,98.2047729492188,34,44,0.14,-0.62,-0.54,-0.15,-0.17,21.4,39.9,48.1,30.0,28.1,4.55825378527259,0.613,25.5,0.0
149,Europe & Central Asia,24.9,28.0,0.933,81.9,4.1,532.665253199002,53521.6306428288,1.95002284569983,7.57372999191284,37.4,4.0,7.681250095,7.64084005355835,0.128470003604889,7.1,0.2,100.0,40,60,0.98,1.84,1.8,1.94,2.14,88.2,92.9,76.3,80.0,50.6,3.4050379189887,0.647,43.6,0.01276849815453088
150,Europe & Central Asia,29.5,34.3,0.944,83.8,0.9,601.0885711843449,71660.2068398902,2.91690509826611,4.87779998779297,0.0,5.0,5.051229954,4.86325979232788,0.0824799984693527,4.6,0.0,100.0,39,57,1.21,2.06,1.88,1.93,1.99,82.1,82.8,81.7,90.0,34.0,4.35904146198319,0.654,32.5,0.007116427999844266
151,0,,19.1,0.536,,-4.8,0.0,0.0,1.47576647550751,0.0,0.0,31.0,,0.0,0.0,14.3,0.0,89.1403198242188,-3,2,-2.63,-1.79,-1.83,-2.09,-1.56,22.1,23.1,,,,1.50613944194882,0.024,13.2,
152,0,33.6,,,,0.7,0.0,0.0,0.0,0.0,0.0,0.0,,0.0,0.0,4.0,0.0,0.0,37,56,0.89,1.27,1.37,1.14,0.96,69.2,70.9,76.6,60.0,17.8,0.0,0.044,,0.017428233865224234
153,Europe & Central Asia,32.6,34.2,0.65,41.3,3.0,31.0821178918032,3496.89134143444,7.59927884231854,0.0,36.1,17.0,,5.55836009979248,0.0,10.8,0.0,99.779296875,1,10,-0.67,-1.12,-1.06,-1.35,-1.33,50.3,38.2,58.3,30.0,30.9,1.01061869242185,0.985,19.0,0.010092128321101877
154,Sub-Saharan Africa,37.6,22.1,0.538,36.0,7.0,141.585727399869,2652.08129882813,5.44496760087571,3.38488006591797,31.9,524.0,3.481430054,3.69643998146057,17.6490592956543,2.6,13.6,39.9000015258789,22,30,-0.58,-0.63,-0.58,-0.45,-0.48,34.7,31.8,59.9,50.0,18.5,0.214634960133583,0.353,36.4,0.010674273512766945
155,East Asia & Pacific,44.5,37.3,0.755,52.4,2.8,1256.76037519165,18533.964726539,4.22287028746071,3.72356009483337,28.4,37.0,,3.05677008628845,0.0,0.6,0.0,100.0,6,25,-0.76,0.38,0.14,0.04,-0.39,45.3,34.7,67.1,60.0,22.0,3.83609001895282,0.09,4.8,0.013184427450656419
156,East Asia & Pacific,31.9,,0.625,,4.3,3.92327921660112,3168.04888459891,-0.687542477354754,7.51549005508423,19.211223434857,142.0,,6.72747993469238,4.18653011322021,4.0,0.0,96.1233139038086,32,37,0.03,-1.0,-0.74,-1.17,-0.54,13.8,32.0,48.1,20.0,48.0,0.479460533259382,0.0,32.3,0.01141580713900774
157,Sub-Saharan Africa,46.0,13.2,0.503,34.9,5.3,16.2620611390691,2110.57967372822,4.97621309973984,4.78455018997192,7.4,396.0,4.87635994,4.04394006729126,5.30800008773804,6.8,8.5,53.9974327087402,18,29,-0.74,-1.13,-0.79,-0.71,-0.71,28.2,31.4,47.8,30.0,29.8,0.29323120707198,0.761,17.6,0.017837304047715552
158,Americas,,15.7,0.784,58.7,-1.8,37.4875111270609,27616.8941997022,-0.706435308325041,5.33194017410278,14.3,67.0,,3.30403780937195,0.0,3.9,0.0,100.0,33,48,0.29,0.26,0.03,-0.11,-0.36,49.8,33.1,57.7,50.0,39.0,12.3228548692176,0.0,31.0,0.008880160795445182
159,Middle East & North Africa,40.0,26.2,0.735,49.3,0.8,131.820505473388,11670.3279404936,2.62482839473539,6.88186979293823,8.1,43.0,,0.0,0.0,14.8,0.0,100.0,30,40,-1.05,-0.07,-0.41,0.07,-0.11,41.7,36.8,58.9,30.0,28.6,2.55756420759521,0.03,31.3,0.028289774858020342
160,0,40.2,26.4,0.791,53.3,3.8,2331.74255275564,27960.980283621,2.97988523467896,0.0,18.7,17.0,4.37116003,4.29406976699829,4.95620012283325,10.3,0.0,100.0,16,16,-1.8,0.07,0.04,-0.25,-0.19,54.5,42.0,65.4,60.0,32.6,4.75658474979861,0.329,14.6,0.020638964624738698
161,Europe & Central Asia,40.8,14.6,0.706,,6.5,86.8586567017867,15200.001550517,6.19999994137119,0.0,13.9215504694254,7.0,,0.0,0.0,8.6,0.0,100.0,0,4,-0.15,-1.21,-2.0,-1.49,-1.48,5.0,27.3,47.1,10.0,16.1,12.2633540880676,0.0,25.8,
162,Sub-Saharan Africa,39.5,19.4,0.516,30.9,5.0,90.7903140350401,2175.55372017659,6.30392378088412,1.91472005844116,6.9,0.0,2.25067997,2.13052010536194,0.0,2.3,13.7,42.0744171142578,11,26,-0.56,-0.58,-0.22,-0.3,-1.04,40.3,28.3,62.0,40.0,17.4,0.132370788404111,0.808,34.3,0.02423853969532626
163,Europe & Central Asia,25.5,26.4,0.751,52.5,-9.9,521.4794527432609,12631.6572265625,3.48836234022659,5.87493991851807,9.1,19.0,5.874939919,5.3199200630188,0.0,8.9,0.0,100.0,26,36,-1.89,-0.46,-0.32,-0.71,-0.78,29.5,29.0,51.9,30.0,42.8,3.93658353086744,0.046,12.3,0.03228346936770766
164,Middle East & North Africa,,,0.863,70.4,3.9,644.968661273374,68568.0992797355,1.18985564163665,0.0,7.6,3.0,,0.0,0.0,3.7,0.0,100.0,5,12,0.63,1.4,1.01,0.8,1.13,83.4,77.3,77.6,60.0,31.2,19.3295632814806,0.002,22.5,
165,Europe & Central Asia,32.4,31.9,0.922,74.6,2.2,3113.8798635629,47573.4880155177,1.65092549602133,5.56450986862183,8.2,7.0,5.693419933,5.16799020767212,0.663089990615845,4.8,0.0,100.0,40,54,0.26,1.41,1.71,1.68,1.84,93.8,79.0,78.0,80.0,43.0,5.22051448799294,0.274,32.0,0.0222322827028005
166,Americas,45.0,20.7,0.924,76.0,2.4,20048.202289450397,62805.2537579917,2.91885689667409,0.0,12.5,19.0,4.989480019,4.91233015060425,0.574209988117218,4.9,0.8,100.0,33,53,0.3,1.55,1.63,1.64,1.38,76.9,71.9,75.7,80.0,38.1,14.6734106066885,0.14,19.4,0.03483215755787389
167,Americas,41.6,36.1,0.804,64.2,1.5,79.4546827795513,23585.394039402,0.477907183899063,4.58498001098633,5.4,17.0,,4.66279983520508,0.152820006012917,8.2,0.1,100.0,40,58,1.06,0.42,0.66,0.59,1.29,67.0,71.6,69.2,30.0,32.4,1.87478454308499,0.891,20.2,0.022563065379903168
168,Europe & Central Asia,36.8,29.1,0.71,43.1,8.0,233.425600850829,7252.13735491313,5.35499688821734,5.71323013305664,12.9,29.0,,5.90000009536743,0.726530015468597,8.9,0.0,100.0,1,6,-0.28,-0.56,-1.26,-1.11,-1.16,35.3,24.2,51.5,10.0,33.9,3.47554445038462,0.215,16.0,
169,Americas,39.0,33.6,0.761,43.1,-5.7,0.0,0.0,0.0,0.0,0.0,125.0,,0.0,0.0,6.9,0.0,100.0,8,18,-1.18,-1.4,-1.96,-2.26,-1.36,13.8,7.5,25.2,10.0,37.7,3.93956620857458,0.649,22.2,0.0
170,East Asia & Pacific,34.8,40.3,0.694,50.8,6.7,912.339700269116,9776.81949992139,7.20000000000043,0.0,21.1,43.0,,4.16744995117188,0.0,2.2,0.2,100.0,3,17,0.31,0.0,-0.4,0.07,-0.58,36.3,30.4,53.1,40.0,29.4,3.4883126360288,0.379,26.7,
171,Middle East & North Africa,37.9,22.8,0.452,23.9,-28.1,0.0,0.0,0.752447587579127,0.0,25.8,164.0,,0.0,0.0,17.1,0.0,73.757926940918,1,12,-2.96,-1.92,-1.45,-1.75,-1.59,16.6,21.2,,,25.2,0.380633360910495,0.0,0.0,
172,Sub-Saharan Africa,57.5,25.2,0.588,33.2,3.6,61.1048586500311,3605.6760951307,4.03449389667165,5.19999980926514,37.9,213.0,,4.73974990844727,0.0,7.5,0.0,44.5244750976563,22,33,0.11,-0.62,-0.47,-0.33,-0.54,40.6,36.3,54.3,50.0,25.7,0.38071705091289,0.971,18.0,0.013047652718225791
173,Sub-Saharan Africa,43.2,22.1,0.535,29.7,1.5,36.0556861727406,2556.7934843227,4.82421053956361,6.13835000991821,0.0,458.0,7.53068018,3.86611008644104,15.3025102615356,5.1,13.5,52.7476692199707,10,20,-0.77,-1.19,-1.56,-1.38,-1.27,33.0,18.9,44.0,10.0,30.6,0.802978519634142,0.54,32.6,0.00013530070686090044
